connection_id,packet_size,duration,bytes_sent,bytes_received,connection_type,port_number,flag_count,threat_detected
1,1523,1.06,5378,7090,ICMP,0,1,0
2,854,4.82,2131,2378,UDP,443,4,0
3,1957,2.24,6979,3840,TCP,110,3,0
4,1533,2.5,3197,4777,TCP,22,2,0
5,1162,4.68,3882,4440,UDP,110,4,0
6,847,4.42,2752,3461,TCP,143,2,0
7,631,1.72,890,1090,ICMP,0,1,0
8,802,2.35,1127,918,TCP,21,3,0
9,63027,50.6,509766,158937,UDP,135,12,1
10,682,1.03,1004,739,ICMP,0,1,0
11,1319,0.39,1365,1637,ICMP,0,1,0
12,1837,3.55,3972,3965,UDP,143,1,0
13,47854,37.3,313901,203992,ICMP,0,1,1
14,340,3.69,436,631,TCP,25,4,0
15,1052,0.32,2581,2545,UDP,53,1,0
16,118,4.88,375,531,TCP,993,2,0
17,1503,1.54,3987,4495,ICMP,0,1,0
18,1049,4.27,3577,3534,UDP,995,2,0
19,19458,17.31,165814,117327,UDP,1521,7,1
20,47636,39.3,415071,272078,TCP,445,11,1
21,1779,0.28,1937,2141,ICMP,0,1,0
22,1474,3.91,5280,7335,UDP,80,3,0
23,38374,57.09,286649,194545,UDP,139,5,1
24,150,0.55,201,122,UDP,22,4,0
25,34454,24.63,220645,137657,TCP,135,10,1
26,1182,4.32,2355,1788,UDP,443,1,0
27,829,1.71,2575,1404,TCP,110,4,0
28,1342,2.36,4663,5594,TCP,21,4,0
29,43410,16.11,138439,57005,TCP,139,11,1
30,1757,3.92,5703,6150,TCP,443,1,0
31,32178,46.29,127373,25688,UDP,135,6,1
32,1501,1.73,5795,3295,UDP,25,3,0
33,1921,3.8,7263,9035,TCP,21,1,0
34,445,1.88,670,842,ICMP,0,1,0
35,469,0.75,1555,1116,TCP,443,3,0
36,20520,41.28,43930,15161,ICMP,0,1,1
37,45141,48.32,316308,127417,UDP,1433,5,1
38,1999,3.77,5428,4409,ICMP,0,1,0
39,1614,4.13,2387,1990,TCP,995,2,0
40,26528,17.94,85248,36960,ICMP,0,1,1
41,1661,0.66,4555,5429,TCP,443,1,0
42,23529,33.16,203434,92841,UDP,5432,11,1
43,426,1.36,498,655,UDP,443,4,0
44,479,0.45,1187,695,TCP,25,1,0
45,14063,58.28,84911,40245,TCP,135,11,1
46,1640,4.16,5958,6808,TCP,22,4,0
47,764,4.41,2005,2819,TCP,80,1,0
48,56585,18.73,539385,416589,UDP,548,11,1
49,752,4.36,2502,2827,TCP,21,4,0
50,746,3.41,1290,1413,ICMP,0,1,0
51,27078,28.59,113672,62249,ICMP,0,1,1
52,183,2.92,512,268,TCP,143,3,0
53,398,3.53,506,702,UDP,993,3,0
54,1457,3.38,2420,2651,UDP,110,2,0
55,1033,3.88,1581,1192,TCP,25,1,0
56,56393,8.53,506052,257178,UDP,1433,5,1
57,571,2.22,1875,2478,UDP,53,1,0
58,604,0.65,815,1181,UDP,22,3,0
59,41638,30.58,271047,216817,UDP,1521,9,1
60,1018,0.62,2349,1378,ICMP,0,1,0
61,30938,45.85,203915,64548,UDP,2049,14,1
62,1814,4.1,4836,2439,TCP,443,3,0
63,1797,3.84,6362,8963,TCP,53,2,0
64,24885,5.02,150597,113632,UDP,1723,8,1
65,789,0.89,1354,1303,ICMP,0,1,0
66,1015,0.34,3699,3119,TCP,143,3,0
67,1309,2.12,1978,1033,ICMP,0,1,0
68,118,0.49,352,271,TCP,25,4,0
69,517,0.1,1859,2458,ICMP,0,1,0
70,46339,40.87,411620,116966,ICMP,0,1,1
71,1297,0.21,4887,6404,ICMP,0,1,0
72,49707,40.6,436365,189592,UDP,1433,14,1
73,39472,52.23,128467,92332,UDP,135,11,1
74,8228,14.6,57928,33968,ICMP,0,1,1
75,34842,17.65,186614,50918,UDP,139,8,1
76,47095,24.02,349311,112763,TCP,135,9,1
77,19133,56.23,123200,93159,ICMP,0,1,1
78,547,3.73,1143,828,TCP,143,2,0
79,786,1.36,2757,3054,TCP,80,2,0
80,772,1.66,1116,563,TCP,443,2,0
81,9536,42.05,24325,6583,UDP,2049,10,1
82,980,2.29,1123,773,ICMP,0,1,0
83,774,0.92,1809,1520,UDP,80,3,0
84,745,0.63,967,1308,UDP,53,4,0
85,24177,26.71,226222,117080,ICMP,0,1,1
86,1750,0.93,2110,2948,UDP,993,2,0
87,33387,41.37,229187,60709,TCP,515,8,1
88,5743,55.93,34606,14141,UDP,3389,10,1
89,1530,3.79,3406,4518,ICMP,0,1,0
90,1353,0.98,3612,4850,UDP,53,4,0
91,1468,4.9,5118,5609,UDP,80,4,0
92,1837,1.55,3161,3597,UDP,443,1,0
93,1451,1.45,1673,2363,ICMP,0,1,0
94,90,3.45,241,151,UDP,80,4,0
95,988,0.95,3723,3808,UDP,995,3,0
96,33194,50.97,115310,65511,ICMP,0,1,1
97,26122,35.46,77815,53013,ICMP,0,1,1
98,1360,3.98,4368,6124,ICMP,0,1,0
99,18607,30.26,139722,65215,UDP,5432,11,1
100,1392,4.53,5563,7896,ICMP,0,1,0
101,31620,15.46,234504,147187,UDP,445,14,1
102,12693,36.01,63340,17908,ICMP,0,1,1
103,36534,8.76,322964,219039,ICMP,0,1,1
104,27278,44.51,81147,50062,ICMP,0,1,1
105,1956,4.37,4056,4567,ICMP,0,1,0
106,26780,46.42,259653,98022,ICMP,0,1,1
107,38315,14.62,301376,125694,ICMP,0,1,1
108,24214,31.5,150242,42574,UDP,2049,7,1
109,47673,6.43,418847,322774,TCP,135,9,1
110,876,4.02,1946,1595,TCP,995,1,0
111,1454,4.3,1620,1054,UDP,993,4,0
112,1934,2.67,5953,3238,ICMP,0,1,0
113,34468,47.23,205292,163172,UDP,445,9,1
114,229,4.61,614,335,UDP,22,2,0
115,1919,2.9,3897,3591,ICMP,0,1,0
116,380,4.9,794,531,UDP,110,3,0
117,43152,36.93,199975,140711,TCP,139,12,1
118,358,3.16,746,993,TCP,22,2,0
119,1389,0.17,3216,3952,TCP,993,3,0
120,439,0.23,1526,1033,UDP,995,4,0
121,1299,1.99,1632,1857,UDP,995,1,0
122,846,1.5,1070,1455,ICMP,0,1,0
123,1414,4.11,3026,1918,UDP,80,2,0
124,49223,49.07,408104,128401,ICMP,0,1,1
125,1119,2.99,4194,5600,ICMP,0,1,0
126,923,1.52,3471,4898,ICMP,0,1,0
127,15814,45.17,120011,48461,ICMP,0,1,1
128,1293,1.62,1444,1794,TCP,22,1,0
129,779,1.99,1272,1592,ICMP,0,1,0
130,12086,5.26,96610,22308,UDP,1521,13,1
131,337,1.67,1208,1695,UDP,143,1,0
132,1271,2.91,1379,809,ICMP,0,1,0
133,1884,2.55,5109,6197,ICMP,0,1,0
134,11847,21.05,71796,29098,UDP,548,8,1
135,1397,4.53,2171,2565,UDP,443,3,0
136,26035,32.16,147259,30169,TCP,1521,11,1
137,1858,4.7,2336,1933,UDP,995,1,0
138,420,3.58,1535,1556,ICMP,0,1,0
139,315,1.25,722,1031,UDP,143,3,0
140,1633,1.98,4686,4405,ICMP,0,1,0
141,2336,58.79,20858,4919,ICMP,0,1,1
142,1606,3.09,5713,4468,UDP,80,1,0
143,60076,27.29,167297,131377,TCP,2049,8,1
144,260,4.02,828,1213,ICMP,0,1,0
145,1186,3.39,4737,3026,ICMP,0,1,0
146,62683,41.08,528430,242906,TCP,1935,5,1
147,37988,53.99,353914,159729,TCP,445,11,1
148,1305,1.73,4952,6792,ICMP,0,1,0
149,806,1.64,1095,887,TCP,80,4,0
150,1318,0.13,3812,4248,UDP,80,1,0
151,520,3.46,1165,1004,TCP,22,4,0
152,362,4.63,961,1240,TCP,22,2,0
153,159,3.61,205,117,UDP,110,3,0
154,4787,29.55,31079,6222,TCP,2049,12,1
155,10134,12.34,39060,17880,UDP,2049,14,1
156,19004,52.03,137054,31006,ICMP,0,1,1
157,18986,57.35,98075,55859,UDP,3306,14,1
158,1618,4.47,3406,4170,TCP,995,2,0
159,988,3.63,1845,2184,TCP,22,2,0
160,1065,0.61,1226,1665,ICMP,0,1,0
161,1784,4.45,3566,2467,ICMP,0,1,0
162,532,3.79,781,519,ICMP,0,1,0
163,50719,59.88,276314,175665,ICMP,0,1,1
164,999,3.53,3991,3427,ICMP,0,1,0
165,1239,1.42,3356,4855,ICMP,0,1,0
166,1881,1.52,6378,8281,TCP,143,1,0
167,49546,33.19,338105,159005,UDP,139,14,1
168,934,3.22,3731,3568,TCP,21,1,0
169,153,0.75,339,247,ICMP,0,1,0
170,8225,31.59,61818,47657,TCP,135,6,1
171,8687,31.53,65408,22603,UDP,515,10,1
172,10466,52.47,93730,45217,UDP,515,11,1
173,1875,4.44,5195,3848,UDP,25,2,0
174,1381,3.4,4133,4537,UDP,25,4,0
175,60613,34.55,130236,100560,TCP,515,5,1
176,688,2.47,2564,1358,TCP,53,3,0
177,790,0.42,891,810,ICMP,0,1,0
178,1374,1.4,1908,2056,ICMP,0,1,0
179,2020,2.02,3122,3438,ICMP,0,1,0
180,821,2.61,1777,1701,UDP,22,4,0
181,156,4.14,585,414,TCP,443,4,0
182,1519,2.24,2745,3295,TCP,993,3,0
183,646,2.54,1553,1549,UDP,25,3,0
184,35620,34.07,268404,168215,TCP,3306,5,1
185,991,2.73,2339,3250,TCP,443,3,0
186,312,0.5,1233,1058,UDP,443,4,0
187,1567,2.97,3888,3153,UDP,53,2,0
188,1249,4.88,4610,3649,TCP,443,3,0
189,535,1.35,625,882,ICMP,0,1,0
190,37276,14.17,328121,113196,UDP,1935,14,1
191,60447,36.47,218616,134109,ICMP,0,1,1
192,467,4.5,1098,1400,UDP,80,2,0
193,497,3.07,1702,2126,TCP,53,3,0
194,17364,57.06,44695,21978,ICMP,0,1,1
195,1115,4.2,2882,1527,TCP,110,1,0
196,254,1.32,769,481,TCP,25,2,0
197,1796,2.54,3933,5657,UDP,80,1,0
198,1706,4.69,2667,2752,UDP,110,2,0
199,56691,49.06,541064,183629,ICMP,0,1,1
200,294,4.45,1168,1248,ICMP,0,1,0
201,49041,28.98,470361,194832,ICMP,0,1,1
202,63030,9.64,228500,65326,UDP,1723,9,1
203,811,3.61,2596,3722,UDP,110,2,0
204,594,3.66,1237,1294,TCP,22,3,0
205,78,4.25,223,152,UDP,143,2,0
206,1524,0.41,5851,7403,ICMP,0,1,0
207,274,2.7,1082,1350,TCP,443,3,0
208,17165,7.37,144291,100664,ICMP,0,1,1
209,46141,55.46,209102,69064,ICMP,0,1,1
210,49942,57.97,257916,103848,ICMP,0,1,1
211,1466,0.55,2607,1528,UDP,80,1,0
212,927,4.37,3436,2883,UDP,80,1,0
213,50689,8.47,341986,263908,UDP,1723,9,1
214,1572,3.8,2698,3339,UDP,995,2,0
215,89,4.08,185,124,ICMP,0,1,0
216,1899,1.13,2526,2219,UDP,22,4,0
217,97,2.66,374,413,ICMP,0,1,0
218,1168,3.89,4242,3878,TCP,25,2,0
219,933,1.48,3651,3842,ICMP,0,1,0
220,1693,1.68,5833,6125,TCP,21,3,0
221,1007,4.52,1219,937,TCP,80,2,0
222,894,1.55,2927,3421,TCP,22,4,0
223,452,4.75,1231,1550,ICMP,0,1,0
224,3408,53.24,8092,3093,ICMP,0,1,1
225,76,1.8,227,223,UDP,110,1,0
226,17103,46.64,65268,38959,UDP,445,11,1
227,1928,4.49,3564,2460,TCP,80,3,0
228,1142,4.79,4102,3448,TCP,25,4,0
229,38056,17.84,278767,141036,TCP,1521,6,1
230,1330,3.8,4171,2989,TCP,25,2,0
231,737,0.59,1857,2506,TCP,993,2,0
232,1514,4.56,1712,2167,ICMP,0,1,0
233,766,4.83,1293,832,ICMP,0,1,0
234,978,0.47,1911,1177,ICMP,0,1,0
235,1268,2.14,3530,3248,TCP,443,2,0
236,1316,3.49,1452,1022,UDP,22,1,0
237,1973,3.04,7687,9941,TCP,25,3,0
238,557,0.18,1041,905,ICMP,0,1,0
239,1651,2.11,4780,5148,UDP,995,1,0
240,1068,0.21,3574,4060,ICMP,0,1,0
241,1377,4.43,4547,4890,TCP,443,3,0
242,423,2.55,1314,1402,ICMP,0,1,0
243,807,1.85,2492,3621,ICMP,0,1,0
244,1731,1.01,5342,3048,UDP,110,4,0
245,1022,1.04,2045,2020,TCP,993,1,0
246,31732,59.11,215418,156501,UDP,5432,5,1
247,939,4.24,1172,1330,TCP,110,3,0
248,1537,3.23,2660,2359,UDP,53,2,0
249,38794,58.89,191962,118489,ICMP,0,1,1
250,2002,3.25,4367,4479,UDP,443,1,0
251,844,4.25,3348,1915,UDP,80,3,0
252,17418,12.21,156158,33400,UDP,5432,6,1
253,166,4.45,349,474,UDP,53,1,0
254,26360,50.38,207922,107715,UDP,515,9,1
255,1821,3.87,3143,4667,ICMP,0,1,0
256,930,3.22,2427,3032,ICMP,0,1,0
257,3770,9.95,16875,7696,ICMP,0,1,1
258,566,2.95,1610,1001,ICMP,0,1,0
259,613,4.5,1347,1553,ICMP,0,1,0
260,747,1.99,1280,1712,UDP,995,3,0
261,45017,47.55,406418,233451,UDP,135,13,1
262,9030,47.85,61807,21361,UDP,5432,9,1
263,41876,26.28,363047,155735,ICMP,0,1,1
264,1608,1.35,5765,5825,TCP,21,3,0
265,121,3.01,455,513,UDP,143,2,0
266,1944,2.71,2448,1787,ICMP,0,1,0
267,52029,48.28,217967,78165,ICMP,0,1,1
268,12557,20.3,65694,44924,ICMP,0,1,1
269,13427,50.9,109673,75493,TCP,5432,6,1
270,885,3.57,2317,3139,ICMP,0,1,0
271,1867,3.09,5884,5112,TCP,995,4,0
272,787,1.69,1383,1077,ICMP,0,1,0
273,19061,46.39,80450,33849,ICMP,0,1,1
274,1885,3.52,4527,3128,TCP,22,1,0
275,708,2.25,2591,3197,UDP,443,1,0
276,23764,46.7,53940,28626,ICMP,0,1,1
277,1672,0.41,6053,6468,UDP,993,3,0
278,30578,56.75,264011,65075,TCP,1433,12,1
279,1412,0.66,3960,3569,UDP,22,2,0
280,168,4.95,235,296,ICMP,0,1,0
281,58594,23.97,432724,157206,UDP,1935,9,1
282,383,2.88,1169,657,UDP,443,3,0
283,331,1.86,430,233,UDP,995,3,0
284,1194,4.61,1360,1146,UDP,25,4,0
285,301,4.43,1046,614,UDP,22,3,0
286,804,1.81,3082,3727,TCP,143,2,0
287,1821,2.92,5680,5209,UDP,25,1,0
288,483,1.86,1628,1037,UDP,143,2,0
289,1300,2.22,3035,4519,UDP,995,4,0
290,1426,3.2,5077,4908,ICMP,0,1,0
291,487,4.24,1377,1528,TCP,995,4,0
292,15907,32.81,72957,23563,TCP,1935,6,1
293,33341,13.1,202399,152434,TCP,5432,6,1
294,1047,4.6,3762,4821,ICMP,0,1,0
295,1679,3.32,3167,3050,TCP,21,1,0
296,615,3.69,688,760,TCP,21,1,0
297,1600,1.08,1850,1736,TCP,80,4,0
298,425,3.98,826,1063,ICMP,0,1,0
299,1652,4.64,5884,7827,UDP,143,1,0
300,597,0.74,1783,1698,UDP,25,4,0
301,1536,0.42,3775,3497,UDP,443,2,0
302,36149,19.0,80701,41381,ICMP,0,1,1
303,415,4.3,616,735,UDP,53,3,0
304,49802,59.77,310097,218319,ICMP,0,1,1
305,317,1.51,438,349,ICMP,0,1,0
306,47124,41.51,120982,48399,UDP,3389,9,1
307,57234,58.06,124826,69151,ICMP,0,1,1
308,56823,54.85,531159,285144,ICMP,0,1,1
309,2001,2.11,6640,6002,UDP,22,1,0
310,822,0.78,934,973,UDP,995,3,0
311,284,3.44,573,494,ICMP,0,1,0
312,5772,5.72,39074,29908,TCP,1723,8,1
313,584,2.35,2301,1471,UDP,53,2,0
314,41823,46.93,136301,89707,TCP,548,5,1
315,1958,1.04,6486,4325,ICMP,0,1,0
316,1656,2.52,6454,9492,TCP,143,1,0
317,1017,3.48,2216,2663,TCP,21,3,0
318,109,4.01,226,325,UDP,53,2,0
319,6664,21.16,65485,30281,TCP,3306,6,1
320,46203,43.15,236343,51393,ICMP,0,1,1
321,1515,4.72,5220,6184,ICMP,0,1,0
322,59320,19.53,262416,139977,UDP,135,8,1
323,990,4.41,1272,1164,TCP,53,2,0
324,45454,23.15,356332,182818,ICMP,0,1,1
325,997,0.2,1512,1877,UDP,993,3,0
326,187,0.7,265,181,ICMP,0,1,0
327,608,2.66,1836,1054,ICMP,0,1,0
328,1535,0.84,3226,2016,UDP,995,1,0
329,51271,27.04,298670,157165,ICMP,0,1,1
330,908,3.2,1359,1107,ICMP,0,1,0
331,1307,3.49,2790,2179,UDP,25,2,0
332,35935,24.28,299622,75151,TCP,1521,11,1
333,22245,54.53,142661,50393,ICMP,0,1,1
334,1511,3.74,2007,1816,TCP,110,4,0
335,1996,1.78,7730,5484,UDP,53,2,0
336,769,2.77,1177,1495,UDP,110,2,0
337,755,3.66,1618,1654,ICMP,0,1,0
338,10404,37.94,84371,65311,UDP,1723,10,1
339,1997,1.01,4413,4284,ICMP,0,1,0
340,20416,14.98,98429,39237,TCP,1433,8,1
341,53879,9.78,310192,202012,TCP,445,6,1
342,1982,4.13,5777,3679,UDP,110,1,0
343,1555,4.92,2406,2473,UDP,110,3,0
344,451,4.48,529,354,TCP,21,1,0
345,22002,32.8,180139,47224,TCP,139,11,1
346,1966,0.96,5975,5916,TCP,53,1,0
347,1946,2.78,4131,2623,UDP,443,2,0
348,63727,31.67,305845,206019,TCP,2049,10,1
349,573,1.93,1074,1468,TCP,22,2,0
350,1311,4.63,1523,2080,TCP,995,4,0
351,660,1.51,2334,1439,UDP,995,3,0
352,1537,1.12,3407,2843,ICMP,0,1,0
353,641,0.29,2328,1855,UDP,25,2,0
354,1630,4.07,2709,2797,UDP,80,4,0
355,595,0.3,2325,3298,ICMP,0,1,0
356,64,4.65,128,161,ICMP,0,1,0
357,227,0.54,827,1155,TCP,25,1,0
358,964,2.86,1165,1277,ICMP,0,1,0
359,419,1.59,1600,1200,ICMP,0,1,0
360,797,0.44,1678,2454,UDP,22,1,0
361,1013,4.18,3054,2064,ICMP,0,1,0
362,1422,4.09,1874,1353,TCP,110,4,0
363,1327,1.54,4468,6190,TCP,143,3,0
364,17362,59.6,137057,28786,ICMP,0,1,1
365,490,4.79,1056,637,TCP,22,3,0
366,1155,2.09,1288,706,ICMP,0,1,0
367,2029,3.21,6395,3319,TCP,80,3,0
368,1503,4.1,4897,6450,ICMP,0,1,0
369,545,4.97,844,603,ICMP,0,1,0
370,1683,3.99,4859,4956,TCP,443,1,0
371,320,0.6,591,348,TCP,22,2,0
372,1477,4.86,5507,5259,ICMP,0,1,0
373,951,4.4,1040,1531,UDP,25,4,0
374,15538,35.97,119472,53852,UDP,1723,11,1
375,444,0.15,885,1086,TCP,443,1,0
376,497,0.27,1634,871,TCP,21,3,0
377,1258,3.0,4490,3930,UDP,995,3,0
378,1546,2.8,5939,3413,UDP,143,1,0
379,1649,2.06,5733,3279,TCP,80,4,0
380,588,3.46,807,1165,UDP,25,4,0
381,1282,4.48,4735,2875,UDP,25,1,0
382,9679,19.71,72089,56888,ICMP,0,1,1
383,1953,2.59,3146,3974,TCP,143,1,0
384,35495,24.75,167420,48056,UDP,5432,11,1
385,725,0.37,2722,1695,ICMP,0,1,0
386,1115,2.91,2567,3785,ICMP,0,1,0
387,172,3.56,178,214,TCP,25,4,0
388,23370,38.64,71580,25183,TCP,5432,9,1
389,17031,10.34,166928,57105,UDP,1521,14,1
390,1847,4.63,3674,2103,TCP,143,1,0
391,238,3.37,717,498,ICMP,0,1,0
392,986,3.8,2774,1968,ICMP,0,1,0
393,1886,4.5,4477,5043,UDP,21,3,0
394,31226,45.53,243972,80056,TCP,1935,9,1
395,21236,14.96,90646,51729,ICMP,0,1,1
396,816,2.62,2768,3688,ICMP,0,1,0
397,794,1.14,2553,3698,TCP,25,3,0
398,1237,3.54,1890,2782,TCP,22,4,0
399,2226,15.19,5150,1519,ICMP,0,1,1
400,1448,3.61,1669,1665,UDP,993,3,0
401,1382,0.27,3153,4135,ICMP,0,1,0
402,247,1.21,560,609,UDP,21,3,0
403,97,2.34,160,219,TCP,443,1,0
404,11169,11.81,37606,29838,TCP,135,6,1
405,1619,0.85,5698,3213,TCP,53,4,0
406,1578,2.59,1633,1308,UDP,143,3,0
407,821,3.07,3091,2047,TCP,993,4,0
408,818,3.35,1409,872,ICMP,0,1,0
409,22504,7.28,119551,78391,TCP,2049,12,1
410,247,3.56,847,941,ICMP,0,1,0
411,771,4.37,1470,1839,ICMP,0,1,0
412,32415,37.69,102245,30627,TCP,1723,13,1
413,146,0.39,482,666,UDP,443,2,0
414,746,1.29,1133,1499,UDP,110,1,0
415,1392,4.64,2763,2002,TCP,80,4,0
416,963,0.13,1330,1380,UDP,995,3,0
417,65,3.78,219,141,TCP,443,1,0
418,1368,3.52,1729,2096,UDP,22,2,0
419,935,3.21,2591,2985,ICMP,0,1,0
420,1785,1.12,2901,2252,TCP,995,1,0
421,1988,3.9,6637,5714,UDP,53,3,0
422,1762,1.62,3506,2418,TCP,53,2,0
423,1047,2.23,2339,2348,UDP,143,1,0
424,17595,11.61,52746,40547,ICMP,0,1,1
425,105,2.49,358,432,UDP,995,4,0
426,59976,32.48,580766,235861,UDP,139,9,1
427,526,2.03,578,699,TCP,110,4,0
428,1317,0.17,3485,2295,UDP,443,2,0
429,903,3.98,1803,1524,ICMP,0,1,0
430,310,0.29,837,1161,UDP,22,4,0
431,704,3.05,1897,1232,UDP,21,1,0
432,49406,58.43,106168,61114,UDP,135,11,1
433,1352,3.38,5401,3611,UDP,995,4,0
434,546,2.14,1959,1535,TCP,53,1,0
435,50958,19.54,165517,119449,UDP,1521,10,1
436,1698,2.8,3676,4943,ICMP,0,1,0
437,1394,3.74,1574,2096,TCP,53,3,0
438,799,3.19,833,1123,TCP,110,2,0
439,1984,4.75,6083,8829,TCP,80,3,0
440,1535,0.73,2966,2204,UDP,80,1,0
441,995,3.66,2115,1353,UDP,993,1,0
442,1270,1.19,2888,1652,TCP,995,2,0
443,142,1.04,509,313,TCP,22,1,0
444,1565,3.02,5874,6376,ICMP,0,1,0
445,1400,2.92,5167,6681,UDP,25,2,0
446,1084,2.59,1841,1646,ICMP,0,1,0
447,46478,42.52,104967,29414,ICMP,0,1,1
448,26624,44.61,193720,127805,TCP,1433,9,1
449,1247,4.26,2044,2547,UDP,22,1,0
450,1535,1.86,3227,4780,TCP,995,2,0
451,41744,15.89,112658,71046,TCP,2049,10,1
452,281,0.36,906,553,TCP,443,2,0
453,75,3.67,127,118,ICMP,0,1,0
454,21994,19.68,78930,55499,UDP,1433,5,1
455,1689,2.39,2411,3134,UDP,25,1,0
456,44930,14.4,223665,125300,ICMP,0,1,1
457,39254,11.78,349520,76522,TCP,1433,10,1
458,1265,2.93,1569,1730,TCP,25,3,0
459,324,4.39,820,812,TCP,143,4,0
460,1441,2.57,3970,5909,TCP,443,3,0
461,60803,49.01,553652,221937,TCP,5432,14,1
462,784,1.92,2739,3479,ICMP,0,1,0
463,1466,3.58,2434,1948,TCP,993,4,0
464,28616,38.41,106079,51412,ICMP,0,1,1
465,26449,7.94,260246,147240,ICMP,0,1,1
466,64413,15.12,418726,117224,TCP,1521,7,1
467,967,1.01,3332,3714,UDP,143,2,0
468,2031,3.32,3758,5155,UDP,143,1,0
469,673,3.55,2076,1780,UDP,21,2,0
470,1185,4.09,2297,2062,UDP,21,3,0
471,56568,21.2,207445,43000,TCP,135,6,1
472,359,0.85,1176,1371,UDP,21,1,0
473,1944,4.35,4996,7057,UDP,995,4,0
474,1252,0.62,2269,1286,ICMP,0,1,0
475,1197,1.28,4681,5136,ICMP,0,1,0
476,84,4.25,91,132,TCP,443,2,0
477,1935,1.17,6338,3721,UDP,143,2,0
478,415,0.61,1349,1159,ICMP,0,1,0
479,60384,54.82,569276,176968,ICMP,0,1,1
480,206,3.38,549,467,ICMP,0,1,0
481,739,2.73,2585,2013,TCP,993,1,0
482,1408,1.25,5474,6304,TCP,993,4,0
483,1331,1.49,2844,1989,TCP,995,1,0
484,1789,4.32,2078,3080,ICMP,0,1,0
485,1247,4.52,2396,2313,TCP,21,3,0
486,781,1.44,1873,2762,UDP,143,3,0
487,1278,4.69,1312,1602,ICMP,0,1,0
488,452,2.58,1326,1869,TCP,993,4,0
489,562,4.95,1359,1997,UDP,22,3,0
490,773,1.23,1016,536,TCP,21,2,0
491,1829,2.1,1951,2217,UDP,443,3,0
492,34495,59.55,228038,93643,ICMP,0,1,1
493,62160,55.87,243269,94017,ICMP,0,1,1
494,1240,0.31,3818,3834,ICMP,0,1,0
495,1726,4.91,5067,4386,TCP,80,3,0
496,1204,0.24,2436,3039,TCP,80,2,0
497,1668,2.17,2811,3382,TCP,22,1,0
498,822,3.56,1855,2169,TCP,22,3,0
499,1842,0.92,1945,2268,UDP,25,4,0
500,1274,1.27,4447,5609,TCP,80,4,0
501,56481,53.89,115586,79532,TCP,1935,8,1
502,1756,3.27,3890,3940,ICMP,0,1,0
503,61885,51.6,512543,197965,UDP,445,11,1
504,9907,18.52,45316,17448,TCP,3389,6,1
505,1062,4.88,3270,2964,ICMP,0,1,0
506,20948,50.56,119823,45217,TCP,5432,9,1
507,16371,41.73,40444,20937,TCP,139,8,1
508,1867,0.78,5925,6011,TCP,21,3,0
509,1980,0.75,7433,6284,UDP,21,4,0
510,914,3.03,2815,2726,TCP,21,3,0
511,340,3.44,1146,1676,TCP,22,1,0
512,1087,2.54,2810,1519,UDP,993,3,0
513,1822,2.62,2007,2039,ICMP,0,1,0
514,393,4.4,1519,761,ICMP,0,1,0
515,798,2.28,2463,2840,TCP,443,4,0
516,2403,48.82,16077,5661,TCP,548,7,1
517,560,2.25,1789,2554,ICMP,0,1,0
518,70,4.05,167,96,TCP,80,1,0
519,513,4.52,1256,981,ICMP,0,1,0
520,174,3.86,284,281,ICMP,0,1,0
521,1892,0.63,6526,8298,TCP,22,1,0
522,1845,4.63,3943,2211,UDP,53,2,0
523,1925,1.47,5899,6670,TCP,143,1,0
524,1873,2.2,3216,3635,TCP,110,1,0
525,1541,3.95,5781,6841,ICMP,0,1,0
526,9618,59.32,68662,50274,ICMP,0,1,1
527,299,4.24,1131,1117,ICMP,0,1,0
528,1248,2.51,2379,2574,TCP,53,3,0
529,382,1.45,659,882,UDP,995,2,0
530,1582,1.94,5211,2639,UDP,21,1,0
531,914,2.32,2285,3339,ICMP,0,1,0
532,1186,2.91,1319,1153,ICMP,0,1,0
533,394,1.43,1274,1171,UDP,995,2,0
534,1474,0.57,3775,3884,ICMP,0,1,0
535,387,3.0,1178,1750,TCP,80,2,0
536,478,4.36,1038,593,UDP,53,3,0
537,52267,12.91,172517,51358,UDP,3389,5,1
538,16195,17.85,93080,69770,TCP,515,10,1
539,233,4.61,532,578,UDP,25,4,0
540,967,3.46,3051,2364,TCP,110,3,0
541,8111,13.87,35943,25743,TCP,3306,6,1
542,156,1.7,350,331,TCP,53,2,0
543,86,3.12,222,183,TCP,993,1,0
544,1964,4.56,4861,4918,ICMP,0,1,0
545,27989,19.81,248997,138964,UDP,1723,7,1
546,1379,0.27,4732,2976,TCP,110,2,0
547,866,2.66,2563,1721,TCP,21,4,0
548,1361,4.5,2657,3886,UDP,25,1,0
549,741,4.78,2471,3133,UDP,993,4,0
550,1923,2.27,3506,2216,TCP,993,2,0
551,1105,1.61,1801,1212,ICMP,0,1,0
552,1948,2.15,2686,2341,ICMP,0,1,0
553,31013,35.6,130533,74451,ICMP,0,1,1
554,768,2.73,1386,1090,TCP,21,3,0
555,322,4.82,925,623,TCP,21,4,0
556,51226,20.36,294322,220072,UDP,139,7,1
557,1712,1.07,4260,5135,UDP,443,2,0
558,1536,0.93,5825,5700,TCP,993,1,0
559,776,1.92,1724,1609,ICMP,0,1,0
560,668,1.01,1130,863,UDP,995,1,0
561,39350,26.3,275467,103167,TCP,1723,7,1
562,47127,50.97,342279,81707,TCP,445,11,1
563,1149,3.77,2193,2806,TCP,22,3,0
564,2008,4.64,2330,1624,ICMP,0,1,0
565,6623,8.0,46692,19167,TCP,2049,10,1
566,23982,27.93,117186,36313,TCP,139,9,1
567,16736,55.16,139677,42697,ICMP,0,1,1
568,1113,3.57,3735,2185,ICMP,0,1,0
569,300,0.24,1145,622,ICMP,0,1,0
570,36,0.34,121,107,TCP,80,2,0
571,270,4.91,349,362,TCP,80,3,0
572,1775,4.41,5303,4389,TCP,143,2,0
573,108,2.9,204,305,TCP,143,1,0
574,901,4.45,2205,2918,UDP,53,2,0
575,971,4.29,2099,1290,UDP,22,3,0
576,1322,0.67,1954,2444,UDP,110,4,0
577,9839,20.47,82095,40496,UDP,1521,8,1
578,1990,4.04,4343,4163,UDP,21,1,0
579,6332,33.27,62565,21345,TCP,1935,9,1
580,1030,1.1,2484,3677,TCP,53,2,0
581,39972,38.83,240548,50553,TCP,2049,10,1
582,1300,2.13,4305,6372,ICMP,0,1,0
583,695,4.4,1481,1325,TCP,25,2,0
584,757,0.4,2842,1909,ICMP,0,1,0
585,2124,10.11,19689,7166,TCP,1935,12,1
586,113,2.31,316,324,ICMP,0,1,0
587,925,0.87,2905,1669,TCP,110,1,0
588,1984,0.3,7459,7379,ICMP,0,1,0
589,1152,4.51,2735,2571,UDP,993,3,0
590,868,1.04,2589,1923,UDP,53,4,0
591,62576,32.77,369480,110112,TCP,445,7,1
592,1849,0.82,2662,1873,TCP,53,4,0
593,802,2.09,1110,803,TCP,21,1,0
594,422,3.78,1062,1490,UDP,443,3,0
595,754,3.26,2038,2069,UDP,53,2,0
596,653,0.2,752,834,TCP,25,3,0
597,1737,2.71,4427,2299,UDP,143,3,0
598,28977,21.62,261601,146976,TCP,515,9,1
599,1928,4.53,3289,2221,ICMP,0,1,0
600,179,1.21,657,895,UDP,110,4,0
601,3111,9.45,9615,5168,UDP,1433,11,1
602,915,4.82,975,1237,ICMP,0,1,0
603,1292,1.19,5014,5951,UDP,110,1,0
604,1683,3.38,5783,6235,ICMP,0,1,0
605,15063,7.03,110621,65255,ICMP,0,1,1
606,1013,3.8,3004,2265,ICMP,0,1,0
607,1795,0.68,5906,3940,TCP,80,3,0
608,351,1.35,1342,960,UDP,993,4,0
609,983,0.74,1928,1338,UDP,143,3,0
610,186,1.2,617,590,UDP,993,2,0
611,1600,3.77,1950,2261,TCP,22,1,0
612,1823,0.97,5034,7255,TCP,995,2,0
613,526,1.73,1631,2310,TCP,110,3,0
614,2000,4.11,5929,4626,UDP,21,3,0
615,1255,2.75,4297,6277,ICMP,0,1,0
616,51,1.48,122,177,TCP,22,2,0
617,1092,4.63,3872,3818,TCP,22,3,0
618,37975,43.22,189848,87000,TCP,515,7,1
619,1390,2.42,3549,3876,UDP,443,4,0
620,1773,2.18,5386,3289,TCP,22,2,0
621,1454,2.8,2246,2090,TCP,143,4,0
622,634,4.85,1059,763,TCP,995,1,0
623,27908,9.21,124233,53375,TCP,548,13,1
624,1603,1.36,4267,5410,UDP,21,3,0
625,1488,4.39,2171,2532,TCP,22,3,0
626,2181,10.23,5571,2801,TCP,548,9,1
627,16096,8.36,142589,98378,TCP,1433,12,1
628,42,2.06,136,86,ICMP,0,1,0
629,522,1.13,564,688,TCP,80,1,0
630,25385,59.06,241667,186872,UDP,3389,10,1
631,7858,16.5,35323,9532,ICMP,0,1,1
632,194,3.45,689,493,ICMP,0,1,0
633,4034,5.29,31865,20472,UDP,3306,10,1
634,946,3.85,1715,2002,TCP,80,4,0
635,45268,52.08,363534,148056,TCP,3389,12,1
636,1361,2.42,4475,6700,ICMP,0,1,0
637,1092,4.49,1342,1919,UDP,993,2,0
638,298,1.87,817,893,TCP,443,4,0
639,57656,49.0,347027,216422,ICMP,0,1,1
640,20878,8.54,199289,65611,UDP,1433,8,1
641,53,4.9,76,60,UDP,443,2,0
642,21676,7.16,167419,86663,TCP,2049,10,1
643,57468,6.52,369977,111619,ICMP,0,1,1
644,151,0.58,452,502,UDP,110,2,0
645,1336,1.3,2932,2431,TCP,53,3,0
646,267,4.94,825,1032,TCP,21,3,0
647,1334,0.47,4745,4334,TCP,993,2,0
648,1034,2.58,1895,2132,TCP,22,4,0
649,1719,2.54,5720,4656,UDP,22,2,0
650,180,4.6,435,395,ICMP,0,1,0
651,1376,1.09,2210,2644,UDP,25,3,0
652,592,3.14,1386,826,ICMP,0,1,0
653,1704,4.58,4470,4484,TCP,53,4,0
654,694,1.02,2640,2932,ICMP,0,1,0
655,188,2.59,699,461,TCP,21,1,0
656,256,4.71,733,987,ICMP,0,1,0
657,53448,26.86,271068,161198,ICMP,0,1,1
658,38312,15.48,280181,72565,TCP,445,5,1
659,41842,53.82,170540,121023,UDP,1935,13,1
660,1796,0.61,2785,2355,ICMP,0,1,0
661,39996,17.89,126685,73151,ICMP,0,1,1
662,232,0.28,685,1020,TCP,143,2,0
663,1588,2.23,4491,5281,UDP,443,1,0
664,38272,22.23,225365,126184,UDP,3389,6,1
665,562,4.36,2150,2124,UDP,443,2,0
666,877,0.71,2597,2066,ICMP,0,1,0
667,151,0.69,399,581,ICMP,0,1,0
668,159,0.9,523,571,UDP,22,3,0
669,116,2.09,233,299,TCP,21,2,0
670,44524,56.58,241391,153077,UDP,515,11,1
671,4419,11.35,27792,14088,ICMP,0,1,1
672,1561,1.87,4162,5690,TCP,21,3,0
673,1883,1.65,5889,4409,ICMP,0,1,0
674,183,1.65,665,597,UDP,443,1,0
675,1981,1.75,7017,6220,ICMP,0,1,0
676,1823,4.51,3184,4345,TCP,25,3,0
677,1522,4.81,4215,5426,ICMP,0,1,0
678,396,4.11,667,787,UDP,993,4,0
679,53950,55.92,232956,102283,TCP,1723,9,1
680,1567,2.78,5516,5147,UDP,53,2,0
681,639,1.34,751,677,ICMP,0,1,0
682,12271,11.04,58984,14756,TCP,1521,9,1
683,1352,1.14,3872,3560,UDP,53,4,0
684,22668,41.34,67391,43582,UDP,445,13,1
685,24179,48.49,79174,27808,UDP,445,13,1
686,394,3.29,1260,788,ICMP,0,1,0
687,249,3.84,782,909,ICMP,0,1,0
688,60904,47.44,481879,120053,UDP,515,9,1
689,412,4.46,1606,1128,TCP,993,1,0
690,1413,4.16,3332,4517,ICMP,0,1,0
691,497,1.01,939,597,UDP,53,2,0
692,559,2.34,1626,1188,ICMP,0,1,0
693,497,2.71,1798,1118,UDP,143,3,0
694,331,2.02,728,921,ICMP,0,1,0
695,909,3.01,2983,3303,UDP,21,1,0
696,1631,1.95,4455,2612,ICMP,0,1,0
697,1195,2.62,3816,1981,UDP,993,3,0
698,56963,10.14,357445,178342,UDP,3389,12,1
699,758,1.3,977,1337,TCP,110,4,0
700,31388,7.83,236045,138181,TCP,139,12,1
701,1132,2.73,2986,2349,TCP,443,1,0
702,4366,31.68,34677,8322,UDP,515,11,1
703,555,0.34,1642,1985,TCP,53,2,0
704,54811,51.24,282909,209221,ICMP,0,1,1
705,28525,54.09,255300,139040,UDP,1723,5,1
706,1214,3.08,4059,3856,ICMP,0,1,0
707,316,4.71,355,450,TCP,22,1,0
708,467,3.57,565,807,UDP,25,4,0
709,761,4.73,2297,1272,ICMP,0,1,0
710,63738,50.72,287016,174782,ICMP,0,1,1
711,811,1.71,2074,1923,UDP,21,2,0
712,1472,3.37,3590,3497,ICMP,0,1,0
713,63687,55.5,238421,180104,TCP,1935,12,1
714,584,0.66,677,586,UDP,21,3,0
715,4850,5.11,15646,8548,ICMP,0,1,1
716,30730,5.45,241946,67423,ICMP,0,1,1
717,18997,5.25,136730,61976,UDP,135,14,1
718,5458,17.31,51758,23783,UDP,1935,13,1
719,1329,3.01,4342,3462,TCP,22,2,0
720,824,3.99,2460,2240,ICMP,0,1,0
721,1581,1.06,6223,8384,ICMP,0,1,0
722,32038,38.3,192674,73043,UDP,139,9,1
723,62369,58.78,180352,86058,TCP,1935,7,1
724,690,1.28,1097,1155,ICMP,0,1,0
725,18895,18.48,122553,64461,TCP,135,5,1
726,358,1.2,1044,1537,ICMP,0,1,0
727,42034,11.78,241212,185523,ICMP,0,1,1
728,54003,36.4,472570,355568,ICMP,0,1,1
729,1367,1.47,1750,1364,UDP,53,3,0
730,1393,4.94,2033,1984,ICMP,0,1,0
731,1733,0.59,2462,1624,TCP,22,2,0
732,1493,2.82,2804,3143,ICMP,0,1,0
733,22891,12.13,80699,55732,TCP,515,11,1
734,43968,49.48,133035,34551,ICMP,0,1,1
735,734,0.64,1871,1674,TCP,443,3,0
736,1678,3.66,5579,6410,TCP,80,4,0
737,214,4.85,626,410,TCP,993,3,0
738,14527,5.63,29246,20358,UDP,1723,13,1
739,26336,15.08,231332,126480,ICMP,0,1,1
740,13674,30.31,36373,25650,TCP,3306,6,1
741,38888,53.81,385485,81786,ICMP,0,1,1
742,789,4.59,2968,1715,ICMP,0,1,0
743,1072,1.27,3547,2711,UDP,143,2,0
744,1158,1.44,2553,2332,UDP,995,4,0
745,1197,2.49,2914,4076,UDP,443,3,0
746,1930,2.34,5738,8451,ICMP,0,1,0
747,290,4.28,1124,1113,UDP,995,3,0
748,25973,48.48,219188,161197,TCP,1723,12,1
749,1452,1.08,5373,5356,ICMP,0,1,0
750,1834,3.4,2568,2121,UDP,80,3,0
751,124,4.88,439,595,TCP,443,1,0
752,913,4.11,1412,785,ICMP,0,1,0
753,665,3.67,1320,1581,ICMP,0,1,0
754,777,2.75,2925,1544,TCP,143,1,0
755,12534,18.87,70514,41139,TCP,135,11,1
756,845,4.87,1458,1478,TCP,53,2,0
757,26859,48.89,262360,184754,UDP,3306,7,1
758,430,3.59,1374,1290,TCP,80,3,0
759,1075,2.03,4297,3437,UDP,21,4,0
760,406,2.73,1172,1535,TCP,80,2,0
761,1060,3.66,2622,1487,UDP,443,1,0
762,1508,4.58,4937,4447,TCP,25,3,0
763,156,2.42,557,795,UDP,993,3,0
764,1865,2.98,4248,3511,TCP,80,3,0
765,595,1.24,2232,1359,TCP,22,3,0
766,518,0.12,1512,2071,ICMP,0,1,0
767,435,4.48,1001,1074,TCP,443,2,0
768,1686,3.03,6555,3578,ICMP,0,1,0
769,1344,1.09,2543,1551,UDP,22,1,0
770,2037,4.02,6906,7369,ICMP,0,1,0
771,475,2.95,1812,1422,UDP,995,3,0
772,1537,1.34,3390,3876,TCP,993,4,0
773,1356,3.79,3137,3508,UDP,25,1,0
774,1916,2.8,4297,2783,ICMP,0,1,0
775,35,0.13,45,32,UDP,993,4,0
776,2018,1.45,7281,4697,UDP,22,3,0
777,931,3.61,2135,1110,UDP,53,3,0
778,1053,2.36,3945,2782,ICMP,0,1,0
779,1670,4.14,5474,4737,ICMP,0,1,0
780,16802,43.65,163315,77115,ICMP,0,1,1
781,298,3.02,316,192,ICMP,0,1,0
782,62156,36.01,553843,384883,TCP,1433,12,1
783,1685,3.23,6505,4306,ICMP,0,1,0
784,1813,3.52,6850,8302,UDP,80,4,0
785,48180,27.47,354849,93339,TCP,3306,13,1
786,1725,4.3,4400,3219,TCP,995,3,0
787,1465,1.94,4760,3489,ICMP,0,1,0
788,675,4.38,761,1125,TCP,21,4,0
789,6924,44.75,41875,18313,UDP,1935,6,1
790,331,1.76,952,1273,TCP,53,3,0
791,1689,2.85,2389,3382,UDP,25,2,0
792,1540,4.82,2212,3262,TCP,53,3,0
793,1454,4.87,4560,6535,TCP,110,3,0
794,20170,21.66,56093,32908,ICMP,0,1,1
795,516,1.7,1393,1250,ICMP,0,1,0
796,1858,4.49,3666,3223,TCP,993,2,0
797,476,3.85,1801,2612,ICMP,0,1,0
798,61282,17.31,193648,60165,ICMP,0,1,1
799,1449,4.7,4473,3688,UDP,110,3,0
800,6756,32.69,44443,21485,TCP,445,6,1
801,65305,49.09,334631,216491,ICMP,0,1,1
802,216,1.24,360,447,UDP,143,3,0
803,1183,2.15,3225,3984,TCP,53,3,0
804,1867,1.88,6141,8262,ICMP,0,1,0
805,1246,0.87,3239,2153,ICMP,0,1,0
806,1617,2.5,6269,9149,TCP,53,2,0
807,2032,4.44,2517,2331,ICMP,0,1,0
808,1524,0.81,2943,2123,TCP,110,4,0
809,1758,2.99,5630,7105,ICMP,0,1,0
810,1686,3.86,3636,2305,TCP,110,1,0
811,31468,32.58,219774,62086,TCP,445,14,1
812,52517,37.28,235118,143713,ICMP,0,1,1
813,797,4.86,1184,666,ICMP,0,1,0
814,9835,50.74,45613,25340,ICMP,0,1,1
815,32542,42.02,84717,46340,TCP,1723,11,1
816,1015,1.91,2742,3547,ICMP,0,1,0
817,63402,30.05,481210,115842,TCP,139,8,1
818,19386,23.75,151346,92336,ICMP,0,1,1
819,4595,26.15,41137,12234,TCP,139,6,1
820,975,4.1,2235,2612,TCP,443,3,0
821,1744,3.07,5181,5586,UDP,110,3,0
822,11299,8.38,50709,14298,ICMP,0,1,1
823,1296,3.75,5073,6992,UDP,995,4,0
824,8053,34.96,51750,17406,UDP,445,10,1
825,49324,26.77,449890,230430,TCP,139,14,1
826,28113,50.68,108460,26012,UDP,139,5,1
827,48449,21.96,319103,142236,ICMP,0,1,1
828,25446,24.14,58861,13064,TCP,1521,7,1
829,552,0.14,1122,1404,UDP,143,2,0
830,995,2.2,2863,3533,UDP,80,1,0
831,1531,4.76,4797,4445,UDP,110,1,0
832,44857,33.4,194339,136688,TCP,1935,12,1
833,37961,55.63,326220,78039,UDP,135,6,1
834,15252,9.0,73002,46903,ICMP,0,1,1
835,1407,1.61,2282,2074,TCP,25,2,0
836,24162,49.74,192078,139358,UDP,139,6,1
837,523,0.37,1964,2907,UDP,110,3,0
838,52,1.68,64,61,ICMP,0,1,0
839,290,1.17,449,571,ICMP,0,1,0
840,829,1.68,2621,3144,UDP,53,4,0
841,56839,16.42,551351,426963,TCP,1433,9,1
842,1721,1.36,2560,3729,TCP,53,4,0
843,1953,4.3,3068,4593,UDP,443,3,0
844,1454,3.09,5815,7572,UDP,25,1,0
845,1556,1.44,2537,2018,ICMP,0,1,0
846,58520,6.76,395108,286129,ICMP,0,1,1
847,819,4.72,2055,3016,UDP,995,2,0
848,32162,36.98,296244,63039,TCP,5432,10,1
849,1258,4.92,4575,4991,UDP,80,4,0
850,2031,1.63,6401,4481,TCP,22,3,0
851,5434,46.91,33290,25201,TCP,2049,13,1
852,695,1.79,1469,1742,ICMP,0,1,0
853,1033,0.91,2441,1751,UDP,995,1,0
854,1107,1.39,1964,1671,ICMP,0,1,0
855,1521,1.07,1741,2231,TCP,143,1,0
856,26148,28.66,56185,29433,ICMP,0,1,1
857,25709,10.29,202062,54273,UDP,2049,14,1
858,735,3.12,2044,2887,ICMP,0,1,0
859,5054,59.78,27406,20091,TCP,3389,14,1
860,1666,0.91,4629,5839,ICMP,0,1,0
861,1761,4.68,3541,5303,ICMP,0,1,0
862,1004,2.76,1266,1766,TCP,80,4,0
863,1562,2.26,5481,7172,ICMP,0,1,0
864,271,1.8,791,748,UDP,993,4,0
865,5690,7.67,43092,30368,ICMP,0,1,1
866,21673,28.61,59187,46013,TCP,3389,5,1
867,1541,2.57,2211,2973,UDP,443,4,0
868,107,4.78,306,376,ICMP,0,1,0
869,47956,18.73,436755,237571,TCP,1935,7,1
870,757,2.97,1203,1569,UDP,110,3,0
871,824,3.45,1533,809,ICMP,0,1,0
872,64067,49.92,504232,159329,ICMP,0,1,1
873,974,2.78,2499,3063,ICMP,0,1,0
874,2007,1.5,4035,3425,ICMP,0,1,0
875,57,4.43,126,97,ICMP,0,1,0
876,62315,40.88,365745,80495,TCP,515,11,1
877,1051,0.24,3363,4344,ICMP,0,1,0
878,5532,15.59,30517,6552,TCP,139,10,1
879,703,1.33,1478,842,ICMP,0,1,0
880,1097,2.13,2196,2323,ICMP,0,1,0
881,881,3.13,2217,1785,UDP,21,2,0
882,110,2.47,220,131,TCP,25,1,0
883,36541,59.02,165664,91225,TCP,135,6,1
884,395,1.9,1116,1529,UDP,143,4,0
885,1552,3.54,6161,8844,TCP,21,4,0
886,1866,3.02,2434,1222,UDP,110,2,0
887,10147,18.25,45885,14570,UDP,135,7,1
888,1291,1.26,3013,3414,UDP,21,3,0
889,1884,3.87,4372,5116,UDP,25,3,0
890,589,2.93,894,506,TCP,53,1,0
891,10281,58.81,79555,27867,ICMP,0,1,1
892,1702,3.67,5949,4233,UDP,143,3,0
893,48442,15.79,365987,132164,UDP,1521,9,1
894,48328,50.53,252125,175780,TCP,1433,8,1
895,49,2.21,165,157,ICMP,0,1,0
896,1283,4.7,5064,7327,TCP,110,1,0
897,645,0.61,1170,592,UDP,993,1,0
898,29127,56.62,83222,23555,UDP,5432,11,1
899,1062,4.99,4172,3797,ICMP,0,1,0
900,1514,4.05,3939,5097,UDP,443,1,0
901,2034,0.63,2354,1933,TCP,80,4,0
902,1863,1.3,2922,3992,UDP,80,4,0
903,1488,0.88,3862,3018,TCP,443,2,0
904,596,0.33,1315,996,ICMP,0,1,0
905,57556,10.07,282971,191262,TCP,1521,12,1
906,1649,1.89,2440,2206,UDP,80,1,0
907,1327,4.33,1526,2137,ICMP,0,1,0
908,1176,3.51,4032,4847,UDP,22,3,0
909,1700,2.29,5449,4788,TCP,143,1,0
910,101,0.19,297,309,TCP,443,2,0
911,1392,1.87,4981,7167,ICMP,0,1,0
912,95,4.86,265,134,UDP,143,4,0
913,1595,3.86,2661,3909,UDP,110,2,0
914,28333,18.7,212879,166419,TCP,1935,12,1
915,1033,4.34,2842,2461,UDP,25,4,0
916,7579,57.63,53952,21585,UDP,3306,11,1
917,468,4.62,1798,2127,ICMP,0,1,0
918,7485,37.84,66417,28527,UDP,1935,14,1
919,1030,3.19,1560,1973,ICMP,0,1,0
920,1532,3.43,2880,3731,TCP,21,3,0
921,1197,0.2,1237,1571,ICMP,0,1,0
922,1355,0.31,2137,1976,ICMP,0,1,0
923,19918,21.99,151488,108617,UDP,5432,9,1
924,297,1.19,356,274,UDP,143,3,0
925,63,3.99,178,123,UDP,21,1,0
926,1596,0.41,3439,2979,TCP,110,1,0
927,1118,2.83,3918,3563,UDP,143,1,0
928,5391,47.77,33900,9178,ICMP,0,1,1
929,41820,33.49,377686,278318,TCP,548,14,1
930,54686,28.72,202176,76044,TCP,1723,6,1
931,63450,37.19,217119,47800,TCP,1935,7,1
932,47887,32.68,447721,201961,TCP,445,7,1
933,1297,4.69,1337,1220,UDP,21,2,0
934,36341,7.95,241549,165788,ICMP,0,1,1
935,65124,13.0,423792,331639,TCP,548,5,1
936,1770,3.16,2370,1789,UDP,993,1,0
937,141,2.86,215,320,TCP,110,2,0
938,1469,4.9,3990,5782,UDP,993,1,0
939,1227,3.52,2580,3519,TCP,143,2,0
940,1802,4.23,6356,6173,ICMP,0,1,0
941,153,2.71,246,232,TCP,993,3,0
942,1912,2.32,6792,8683,UDP,53,1,0
943,348,0.63,1062,683,TCP,143,3,0
944,929,0.78,3113,4667,TCP,25,2,0
945,398,3.68,1263,1429,TCP,25,1,0
946,1173,2.84,2106,1863,ICMP,0,1,0
947,14145,34.85,29399,14168,UDP,139,14,1
948,212,2.02,538,679,TCP,22,3,0
949,302,0.31,754,472,ICMP,0,1,0
950,17563,33.66,171647,101785,UDP,1433,9,1
951,18566,46.61,139729,79076,UDP,1433,9,1
952,971,4.62,3152,2627,TCP,443,3,0
953,1216,1.08,4389,2981,TCP,80,4,0
954,1222,4.06,2715,2808,TCP,110,4,0
955,56340,58.93,247409,50550,TCP,2049,5,1
956,1826,3.52,5837,5608,UDP,443,1,0
957,213,3.02,638,446,UDP,21,3,0
958,1757,3.89,3694,2447,ICMP,0,1,0
959,484,3.57,1088,1512,UDP,25,2,0
960,1994,3.7,6436,6961,ICMP,0,1,0
961,17440,8.59,116490,42780,UDP,445,12,1
962,1053,0.49,3034,3171,TCP,22,4,0
963,35578,55.61,82542,53359,ICMP,0,1,1
964,26239,32.92,57566,30207,UDP,1433,12,1
965,4593,12.67,33354,22006,TCP,1935,14,1
966,6856,52.83,48014,9644,ICMP,0,1,1
967,58171,35.36,559919,232692,UDP,548,8,1
968,1751,0.14,2215,2601,UDP,53,2,0
969,6689,36.76,53110,18105,UDP,515,10,1
970,565,4.28,1757,2285,UDP,22,3,0
971,18073,25.44,178025,46850,TCP,139,10,1
972,1728,0.73,3475,4417,ICMP,0,1,0
973,4441,39.78,11572,6366,TCP,548,12,1
974,30375,18.29,162724,67391,ICMP,0,1,1
975,53817,9.5,162491,119520,UDP,3306,13,1
976,45061,53.27,112808,62124,TCP,2049,5,1
977,58258,12.37,494116,209642,TCP,1521,10,1
978,9599,30.09,27833,22144,ICMP,0,1,1
979,33847,32.7,218980,75342,UDP,3389,9,1
980,1846,1.41,6390,7828,TCP,995,2,0
981,40097,11.57,131845,68540,UDP,515,14,1
982,806,0.99,3012,1675,ICMP,0,1,0
983,64,1.97,192,283,TCP,21,2,0
984,1656,3.18,3911,5420,ICMP,0,1,0
985,1370,1.37,2916,2345,TCP,995,1,0
986,596,0.42,2183,1365,TCP,110,1,0
987,14515,32.02,95741,35638,UDP,1521,6,1
988,1580,0.92,5434,4596,TCP,995,1,0
989,25295,36.46,73158,33601,ICMP,0,1,1
990,1815,3.05,2886,1966,ICMP,0,1,0
991,950,0.35,1580,1177,ICMP,0,1,0
992,46281,33.36,340973,81937,UDP,1433,13,1
993,1964,2.69,7136,9355,ICMP,0,1,0
994,1687,4.66,4307,2251,TCP,22,1,0
995,50157,43.41,353361,270316,UDP,2049,9,1
996,34398,57.39,192993,68293,ICMP,0,1,1
997,1349,3.65,2370,1451,UDP,110,4,0
998,1640,2.41,3006,4367,UDP,53,2,0
999,1878,1.47,6618,4631,UDP,995,4,0
1000,279,3.1,366,337,UDP,995,2,0
